<?xml version="1.0" encoding="UTF-8" standalone="no"?><hoteles><hotel foto="sdasd" id="1" nombre="Princesa Galiana"><tel>123456</tel><direccion>PaseodelaRosa34</direccion><ciudad>Toledo</ciudad><pais>Espaa</pais><numestrellas>656565</numestrellas><hab_indi>20</hab_indi><hab_dobles>10</hab_dobles><hab_triples>4</hab_triples><suites>2</suites></hotel><hotel foto="yh.jpg" id="2" nombre="Beatriz"><tel>123</tel><direccion>Carreteradeilas/n</direccion><ciudad>Toledo</ciudad><pais>Espaa</pais><numestrellas>4</numestrellas><hab_indi>50</hab_indi><hab_dobles>20</hab_dobles><hab_triples>8</hab_triples><suites>5</suites></hotel><hotel foto="madrid.jpg" id="3" nombre="Gran Madrid"><tel>675442433</tel><direccion>calle bella vistas 32</direccion><ciudad>Madrid</ciudad><pais>España</pais><numestrellas>4</numestrellas><hab_indi>33</hab_indi><hab_dobles>22</hab_dobles><hab_triples>12</hab_triples><suites>9</suites></hotel><hotel foto="bigGreen.jpg" id="4" nombre="Green"><tel>23129123</tel><direccion>calle la flor 44</direccion><ciudad>Cadiz</ciudad><pais>España</pais><numestrellas>5</numestrellas><hab_indi>23</hab_indi><hab_dobles>44</hab_dobles><hab_triples>23</hab_triples><suites>3</suites></hotel><hotel foto="bigblue.jpg" id="5" nombre="Big Blue"><tel>134562839</tel><direccion>Street blue 49</direccion><ciudad>London</ciudad><pais>England</pais><numestrellas>5</numestrellas><hab_indi>23</hab_indi><hab_dobles>49</hab_dobles><hab_triples>12</hab_triples><suites>20</suites></hotel><hotel foto="fuente.jpg" id="6" nombre="La Fuente"><tel>28462</tel><direccion>Calle la estampa 1</direccion><ciudad>Burgos</ciudad><pais>España</pais><numestrellas>3</numestrellas><hab_indi>23</hab_indi><hab_dobles>22</hab_dobles><hab_triples>5</hab_triples><suites>11</suites></hotel><hotel foto="qweqwe" id="7" nombre="qweqwe"><tel>213123</tel><direccion>qwe</direccion><ciudad>madri</ciudad><pais>asd</pais><numestrellas>2</numestrellas><hab_indi>3</hab_indi><hab_dobles>3</hab_dobles><hab_triples>1</hab_triples><suites>3</suites></hotel></hoteles>