<?xml version="1.0" encoding="UTF-8" standalone="no"?><hoteles><hotel foto="sdasd" id="1" nombre="Princesa Galiana"><tel>123456</tel><direccion>PaseodelaRosa34</direccion><ciudad>Toledo</ciudad><pais>Espaa</pais><numestrellas>656565</numestrellas><hab_indi>20</hab_indi><hab_dobles>10</hab_dobles><hab_triples>4</hab_triples><suites>2</suites></hotel><hotel foto="beatriz.jpg" id="2" nombre="Beatriz"><tel>123</tel><direccion>Carreteradeilas/n</direccion><ciudad>Toledo</ciudad><pais>Espaa</pais><numestrellas>4</numestrellas><hab_indi>50</hab_indi><hab_dobles>20</hab_dobles><hab_triples>8</hab_triples><suites>5</suites></hotel><hotel foto="ewrw" id="3" nombre=""><tel>34223</tel><direccion>ewrer</direccion><ciudad>rewrwe</ciudad><pais>ewrwer</pais><numestrellas>3</numestrellas><hab_indi>4</hab_indi><hab_dobles>3</hab_dobles><hab_triples>3</hab_triples><suites>4</suites></hotel><hotel foto="jhghjghj" id="4" nombre="kjkjkjkjk"><tel>132132123</tel><direccion>jghjgh</direccion><ciudad>ghjghj</ciudad><pais>hjghjgh</pais><numestrellas>3</numestrellas><hab_indi>3</hab_indi><hab_dobles>3</hab_dobles><hab_triples>3</hab_triples><suites>33</suites></hotel></hoteles>